Company,Title,Track,Location,Region,Tier,Salary,Flags,Posted_Age,WorkModel,Source,URL
Airoha 達發科技 (MTK集團),Communication Network Firmware Engineer (通訊網路韌體工程師),Firmware / Embedded,新竹,TW,Big Tech / Semi leader,,,,,agent:TW-sweep,https://www.104.com.tw/company/5x2b0tk
AMD,Firmware Security Engineer,Firmware / Embedded,"Vancouver, Canada",Intl,Big Tech / Semi leader,,,Aug 17,,vansh,https://careers.amd.com/careers-home/jobs/68783
AMD Taiwan,Server Firmware Verification Engineer,Firmware / Embedded,Taipei,TW,Big Tech / Semi leader,,,,,agent:TW-sweep,https://careers.amd.com/careers-home/jobs/75532
Anduril Industries,"Air Dominance & Strike - Flight Software Engineer, Embedded C/C++",Firmware / Embedded,"Costa Mesa, CA",US,Big Tech / Semi leader,,no-sponsorship;us-person-likely,Aug 13,,vansh,https://job-boards.greenhouse.io/andurilindustries/jobs/4164476007?gh_jid=4164476007
Apple,"Cellular Platform Software Engineer, Embedded Analytics",Firmware / Embedded,"Sunnyvale, CA",US,Big Tech / Semi leader,,,May 23,,vansh,https://jobs.apple.com/en-us/details/200605754/cellular-platform-software-engineer-embedded-analytics?team=SFTWR
Apple,Embedded System Software Engineer,Firmware / Embedded,"San Diego, CA",US,Big Tech / Semi leader,,,May 17,,vansh,https://jobs.apple.com/en-us/details/200604992/embedded-system-software-engineer?team=SFTWR
Apple,OS Kernel Engineer,Firmware / Embedded,"Cupertino, California, United States",US,Big Tech / Semi leader,,,May 13,On Site,jobright:ENG@hist,https://jobright.ai/jobs/info/6a0533bdbc4184089f243b23
Apple,SoC Firmware Engineer,Firmware / Embedded,"Cupertino, California, United States",US,Big Tech / Semi leader,,,Apr 09,On Site,jobright:SW@hist,https://jobright.ai/jobs/info/69d8ddfaf748bc5d08a467e2
Cisco,Software Engineer Embedded/Network Systems III (Full-Time) - United States,Firmware / Embedded,"Triangle, NC",US,Big Tech / Semi leader,,,Apr 29,On Site,jobright:SW@hist,https://jobright.ai/jobs/info/69f293a2f154d768fbaa7e21
Cisco,Software Engineer Embedded/Network Systems III (Full-Time) - United States,Firmware / Embedded,"San Jose, CA",US,Big Tech / Semi leader,,,Apr 29,On Site,jobright:SW@hist,https://jobright.ai/jobs/info/69f28aed8feca91f149258da
Cisco,Software Engineer Embedded/Network Systems III (Full-Time) - United States,Firmware / Embedded,"Milpitas, CA",US,Big Tech / Semi leader,,,Apr 29,On Site,jobright:SW@hist,https://jobright.ai/jobs/info/69f28aececbc8c2f7320b2d0
Cisco,Software Engineer Embedded/Network Systems III (Full-Time) - United States,Firmware / Embedded,"RTP, North Carolina, US",US,Big Tech / Semi leader,,,Apr 29,On Site,jobright:SW@hist,https://jobright.ai/jobs/info/69f23df0ab4ec4779fff827c
Garmin,Software Engineer I - Embedded Software,Firmware / Embedded,"Olathe, KS",US,Big Tech / Semi leader,,,Sep 03,,vansh,https://careers.garmin.com/jobs/16827
Garmin,Software Engineer 1 - Embedded Software,Firmware / Embedded,"Olathe, KS",US,Big Tech / Semi leader,,,verified Jun 10,,agent:US-direct,https://careers.garmin.com/jobs/16827?lang=en-us
Garmin,Embedded Software Engineer 1,Firmware / Embedded,"Cary, NC",US,Big Tech / Semi leader,,,verified Jun 10,,agent:US-direct,https://careers.garmin.com/jobs/17783?lang=en-us
Garmin Taiwan,軟體工程師(嵌入式系統_健身產品)_汐止UTOWN,Firmware / Embedded,新北汐止,TW,Big Tech / Semi leader,,,,,agent:TW-sweep,https://www.104.com.tw/job/42hbr
Garmin Taiwan,Garmin 校園徵才—新鮮人職缺 (R&D 軟/韌體/電子),Firmware / Embedded,汐止/中壢/林口,TW,Big Tech / Semi leader,,,entry:新鮮人,,agent:TW-sweep,https://garmincareersasia.com/%E6%96%B0%E9%AE%AE%E4%BA%BA%E8%81%B7%E7%BC%BA
Google,"Software Engineer, PhD, Early Career, Embedded Systems and Firmware, 2026 Start",Firmware / Embedded,"Raleigh, NC",US,Big Tech / Semi leader,,,Jun 04,On Site,jobright:SW,https://jobright.ai/jobs/info/6a025a25238f143e83533891
Google,"Modem Power Firmware Engineer, Pixel",Firmware / Embedded,"San Diego, CA",US,Big Tech / Semi leader,,,May 19,On Site,jobright:ENG@hist,https://jobright.ai/jobs/info/6a0ca0a34d9320363687a333
Google,"Software Engineer, PhD, Early Career, Embedded Systems and Firmware, 2026 Start",Firmware / Embedded,"Los Angeles, CA",US,Big Tech / Semi leader,,,May 23,On Site,jobright:SW@hist,https://jobright.ai/jobs/info/6973f6d1bc8e722e7b18dd14
Google,"Software Engineer, PhD, Early Career, Embedded Systems and Firmware, 2026 Start",Firmware / Embedded,"Sunnyvale, CA",US,Big Tech / Semi leader,,,May 23,On Site,jobright:SW@hist,https://jobright.ai/jobs/info/6973eb5737785856350dbbf9
Google,"Software Engineer, PhD, Early Career, Embedded Systems and Firmware, 2026 Start",Firmware / Embedded,"Kirkland, WA",US,Big Tech / Semi leader,,,May 23,On Site,jobright:SW@hist,https://jobright.ai/jobs/info/6973eed0bc8e722e7b18d43e
Google,"Software Engineer, PhD, Early Career, Embedded Systems and Firmware, 2026 Start",Firmware / Embedded,"Mountain View, CA",US,Big Tech / Semi leader,,,May 23,On Site,jobright:SW@hist,https://jobright.ai/jobs/info/6973ec7137785856350dbd60
Google,"Software Engineer, PhD, Early Career, Embedded Systems and Firmware, 2026 Start",Firmware / Embedded,"New York, NY",US,Big Tech / Semi leader,,,May 01,On Site,jobright:SW@hist,https://jobright.ai/jobs/info/6973f7c037785856350dd961
Google,"Software Engineer, PhD, Early Career, Embedded Systems and Firmware, 2026 Start",Firmware / Embedded,"Atlanta, GA",US,Big Tech / Semi leader,,,May 01,On Site,jobright:SW@hist,https://jobright.ai/jobs/info/6973f1b1bc8e722e7b18d78e
Intel,Linux Kernel Engineer,Firmware / Embedded,"Folsom, CA",US,Big Tech / Semi leader,,,Apr 13,On Site,jobright:ENG@hist,https://jobright.ai/jobs/info/69dd4dd0738f2f099e8b579b
Intel,Memory Systems Firmware Development Engineer,Firmware / Embedded,"US, Oregon, Hillsboro",US,Big Tech / Semi leader,,,Apr 02,Hybrid,jobright:SW@hist,https://jobright.ai/jobs/info/69cef2db54f00230c6d04f11
Intel,Memory Systems Firmware Development Engineer,Firmware / Embedded,"US, California, Folsom",US,Big Tech / Semi leader,,,Apr 02,Hybrid,jobright:SW@hist,https://jobright.ai/jobs/info/69cef2d0366bb95ba551133c
KLA,Software Engineer ( Embedded Software/Firmware Development / Embedded Image Processing ),Firmware / Embedded,"Ann Arbor, MI, US",US,Big Tech / Semi leader,,,Jun 09,On Site,jobright:SW,https://jobright.ai/jobs/info/6a28ba591dbd8437bebcceae
MediaTek 聯發科,2026校招/研替/應屆預聘_軟韌體開發 (Camera/Smart Display/Multimedia/Audio/Video),Firmware / Embedded,台北,TW,Big Tech / Semi leader,,,entry:2026應屆/研替/預聘,,agent:TW-sweep,https://tw.linkedin.com/jobs/view/4293040636
MediaTek 聯發科,Wireless Communication System Firmware Engineer,Firmware / Embedded,新竹,TW,Big Tech / Semi leader,,,,,agent:TW-sweep,https://careers.mediatek.com/en/jobs/MTK120250425000
MediaTek 聯發科,4G LTE/5G NR Software/Embedded Firmware Development Engineer,Firmware / Embedded,新竹,TW,Big Tech / Semi leader,,,,,agent:TW-sweep,https://careers.mediatek.com/en/jobs/MTK120180312000
MediaTek 聯發科,(Automotive) Software/Firmware Engineer,Firmware / Embedded,台灣,TW,Big Tech / Semi leader,,,,,agent:TW-sweep,https://careers.mediatek.com/en/jobs/MTK120251201000
MediaTek 聯發科,(Automotive) MCU/MPU Embedded Software and Firmware Engineer_Chupei,Firmware / Embedded,竹北,TW,Big Tech / Semi leader,,,,,agent:TW-sweep,https://careers.mediatek.com/en/jobs/MTK120250529008
Microsoft,Firmware Engineer,Firmware / Embedded,"Redmond, WA",US,Big Tech / Semi leader,,,May 22,Hybrid,jobright:SW@hist,https://jobright.ai/jobs/info/6a05bcdca88ea73abf7f32fd
NVIDIA Taiwan,GPU Firmware Engineer (RDSS),Firmware / Embedded,Taipei,TW,Big Tech / Semi leader,,,entry:RDSS 研替 應屆,,agent:TW-sweep,https://nvidia.wd5.myworkdayjobs.com/en-US/NVIDIAExternalCareerSite/job/Taiwan-Taipei/GPU-Firmware-Engineer--RDSS-Intern-_JR2001138-1
NVIDIA Taiwan,GPU Firmware Engineer (RDSS) — security/MCU/Display FW,Firmware / Embedded,Taipei,TW,Big Tech / Semi leader,,,entry:RDSS 研替 應屆,,agent:TW-sweep,https://nvidia.wd5.myworkdayjobs.com/en-US/NVIDIAExternalCareerSite/job/Taiwan-Taipei/GPU-Firmware-Engineer--RDSS-Intern-_JR1975084-1
Qualcomm,Graphics Software Kernel Mode Engineer,Firmware / Embedded,"San Diego, CA",US,Big Tech / Semi leader,,,May 23,,vansh,https://careers.qualcomm.com/careers/job/446705709910
Qualcomm,Embedded DSP Software Engineer,Firmware / Embedded,"San Diego, CA",US,Big Tech / Semi leader,,,Mar 31,,vansh,https://careers.qualcomm.com/careers/job/446704474013
Qualcomm,GPU Kernel Development Engineer (Multiple Levels Available),Firmware / Embedded,"San Diego, CA",US,Big Tech / Semi leader,,,May 15,On Site,jobright:ENG@hist,https://jobright.ai/jobs/info/69b3fc955697383741388bf8
Qualcomm,#Embedded Software Engineer,Firmware / Embedded,"San Diego, CA",US,Big Tech / Semi leader,,,May 29,On Site,jobright:SW@hist,https://jobright.ai/jobs/info/6a0d9cc280bf0430c7624a1e
Qualcomm,Embedded DSP Software Engineer,Firmware / Embedded,"Markham, Ontario, Canada",US,Big Tech / Semi leader,,,May 27,On Site,jobright:SW@hist,https://jobright.ai/jobs/info/6a0ce1b2a235d749afa916b3
Qualcomm,#Embedded Software Engineer – Products and Integration,Firmware / Embedded,"San Diego, CA",US,Big Tech / Semi leader,,,May 22,On Site,jobright:SW@hist,https://jobright.ai/jobs/info/69fde2ed4b9bbf21744ac780
Qualcomm,#Embedded Software Development Engineer,Firmware / Embedded,"San Diego, CA",US,Big Tech / Semi leader,,,May 06,On Site,jobright:SW@hist,https://jobright.ai/jobs/info/69a6f21b2672cb0acb4b576c
Qualcomm,"Embedded Real Time Operating System Software Engineer (QuRT OS, Zephyr)",Firmware / Embedded,"San Diego, CA",US,Big Tech / Semi leader,,,Apr 09,On Site,jobright:SW@hist,https://jobright.ai/jobs/info/69db1e97b67cec4f9b0ad523
Rivian and Volkswagen Group Technologies,Embedded Software Engineer - Infotainment,Firmware / Embedded,"Toronto, Ontario",US,Big Tech / Semi leader,,,Jun 02,Hybrid,jobright:SW@hist,https://jobright.ai/jobs/info/6a13ae209f654b3359cf6844
Seagate Technology,Firmware Engineer I,Firmware / Embedded,"Longmont, CO",US,Big Tech / Semi leader,,,Apr 21,On Site,jobright:SW@hist,https://jobright.ai/jobs/info/69dd6ae1738f2f099e8b6128
Seagate Technology,Firmware Engineer - Early Career,Firmware / Embedded,"Longmont, CO",US,Big Tech / Semi leader,,,Apr 02,On Site,jobright:SW@hist,https://jobright.ai/jobs/info/69c4dae96f4f855eeda78e19
Snap Inc.,"Embedded Software Engineer, Level 3",Firmware / Embedded,"San Diego, CA",US,Big Tech / Semi leader,,,May 25,On Site,jobright:SW@hist,https://jobright.ai/jobs/info/698689bd0f6f7e7a2ce18b29
SpaceX,Wireless Firmware Engineer (Starlink Mobile),Firmware / Embedded,"Redmond, WA",US,Big Tech / Semi leader,,us-person-likely,Jun 06,On Site,jobright:ENG,https://jobright.ai/jobs/info/6a0784a0403fc339507e59bd
SpaceX,Wireless Firmware Engineer (Starlink Mobile),Firmware / Embedded,"Sunnyvale, CA",US,Big Tech / Semi leader,,us-person-likely,Jun 06,On Site,jobright:ENG,https://jobright.ai/jobs/info/6a07604f3b54ed42d74ccafa
SpaceX,Wireless Firmware Engineer (Direct To Cell),Firmware / Embedded,"Sunnyvale, CA",US,Big Tech / Semi leader,,us-person-likely,May 04,On Site,jobright:ENG@hist,https://jobright.ai/jobs/info/696aadea350cf4380311a53d
SpaceX,Wireless Firmware Engineer (Direct To Cell),Firmware / Embedded,"Redmond, WA",US,Big Tech / Semi leader,,us-person-likely,May 04,On Site,jobright:ENG@hist,https://jobright.ai/jobs/info/696aa261db26b618950dca6c
SpaceX,"Embedded Software Engineer, Satellite Antenna (Starlink)",Firmware / Embedded,"Redmond, WA",US,Big Tech / Semi leader,,us-person-likely,Jun 01,On Site,jobright:SW@hist,https://jobright.ai/jobs/info/6a1aef4d547e292ae139b479
SpaceX,Embedded Software Engineer (Starlink),Firmware / Embedded,"Hawthorne, CA",US,Big Tech / Semi leader,,us-person-likely,May 15,On Site,jobright:SW@hist,https://jobright.ai/jobs/info/6a06fa7f4a0a6a7e7d81d72b
Tesla,"Software Integration Engineer, Factory Firmware",Firmware / Embedded,"Fremont, CA",US,Big Tech / Semi leader,,,Aug 28,,vansh,https://www.tesla.com/careers/search/job/249467
Tesla,Kernel Software Engineer,Firmware / Embedded,"Palo Alto, CA",US,Big Tech / Semi leader,,,Aug 28,,vansh,https://www.tesla.com/careers/search/job/248966
Tesla,"Firmware Engineer, Silicon Development",Firmware / Embedded,"Palo Alto, CA",US,Big Tech / Semi leader,,,Jun 27,,vansh,https://www.tesla.com/careers/search/job/244793
Tesla,Firmware Validation Engineer & Flashing Engineer,Firmware / Embedded,"Palo Alto, CA",US,Big Tech / Semi leader,,,May 25,On Site,jobright:ENG@hist,https://jobright.ai/jobs/info/6a14fd9edc845f4be5bd3927
Tesla,"Embedded Firmware Engineer, Battery Management System",Firmware / Embedded,"Palo Alto, CA",US,Big Tech / Semi leader,,,May 26,On Site,jobright:SW@hist,https://jobright.ai/jobs/info/6a165b6fa429fd279da98026
Western Digital,"New College Grad Engineer, Firmware Engineering",Firmware / Embedded,"Irvine, CA",US,Big Tech / Semi leader,,,verified Jun 10,,agent:US-direct,https://jobs.smartrecruiters.com/WesternDigital/743999976965184-new-college-grad-engineer-firmware-engineering
🔥 Google,Software Engineer – Early Career - Embedded Systems and Firmware,Firmware / Embedded,"9 locationsSeattle, WA; LA; Raleigh, NC; Durham, NC; Kirkland, WA; NYC; Sunnyvale, CA; Mountain View, CA; Atlanta, GA",US,Big Tech / Semi leader,,,6mo,,simplify:HW,https://www.google.com/about/careers/applications/jobs/results/96957711316329158
ASMedia 祥碩,"韌體設計工程師 (embedded SoC, C, storage FW尤佳)",Firmware / Embedded,新北新店,TW,Semiconductor (TW/global),,,,,agent:TW-sweep,https://www.104.com.tw/jobs/search/?keyword=%E7%A5%A5%E7%A2%A9
Phison 群聯,韌體工程師08 — 經驗不拘,Firmware / Embedded,苗栗竹南,TW,Semiconductor (TW/global),,,entry:經驗不拘,,agent:TW-sweep,https://www.104.com.tw/job/6gzhi
Phison 群聯,韌體工程師0601-台北辦公室,Firmware / Embedded,台北,TW,Semiconductor (TW/global),,,,,agent:TW-sweep,https://www.104.com.tw/job/4ph36
Phison 群聯,PCIe Gen4/5 SSD 韌體工程師D2,Firmware / Embedded,苗栗竹南,TW,Semiconductor (TW/global),,,,,agent:TW-sweep,https://www.104.com.tw/job/6fy8l
Realtek 瑞昱,Monitor韌體工程師(內湖) — 經歷不拘,Firmware / Embedded,台北內湖,TW,Semiconductor (TW/global),,,entry:經歷不拘,,agent:TW-sweep,https://m.104.com.tw/job/26hkk
Realtek 瑞昱,Switch/Router/Gateway軟韌體設計工程師,Firmware / Embedded,新竹市,TW,Semiconductor (TW/global),,,,,agent:TW-sweep,https://m.104.com.tw/job/22ey7
Silicon Motion 慧榮,SSD韌體工程師-新店,Firmware / Embedded,新北新店,TW,Semiconductor (TW/global),,,,,agent:TW-sweep,https://www.104.com.tw/job/3wx8t
Sunplus 凌陽,系統韌體工程師(AP0390),Firmware / Embedded,新竹縣,TW,Semiconductor (TW/global),,,,,agent:TW-sweep,https://www.104.com.tw/job/71akj
10Beauty,Embedded Software Engineer,Firmware / Embedded,"Burlington, Massachusetts, United States",US,Other,,,Jun 04,On Site,jobright:SW,https://jobright.ai/jobs/info/6a18a463abc8f63abac7aff1
10Beauty,Embedded Software Engineer,Firmware / Embedded,"Burlington, MA",US,Other,,,Jun 04,On Site,jobright:SW,https://jobright.ai/jobs/info/6a18a462abc8f63abac7afee
Accenture Federal Services,Embedded Developer 0,Firmware / Embedded,"Annapolis Junction, MD",US,Other,,,Jun 04,On Site,jobright:SW,https://jobright.ai/jobs/info/6a18a46054a441713ae86e78
ACV Auctions,"Embedded Systems Engineer I, Research & Development",Firmware / Embedded,"Buffalo, NY, USA",US,Other,,,May 22,On Site,jobright:ENG@hist,https://jobright.ai/jobs/info/6a1076bd12f8b43cf398551a
Amaris Consulting,Test QA Embedded SW Engineer,Firmware / Embedded,"Markham, Ontario, Canada",US,Other,,,Jun 04,On Site,jobright:SW,https://jobright.ai/jobs/info/6a21bb2fca8f0b365d7a8428
AMETEK,Associate Embedded Engineer,Firmware / Embedded,"Mount Prospect, IL",US,Other,,,Apr 25,On Site,jobright:SW@hist,https://jobright.ai/jobs/info/69a05b5e5218a81676716d50
Aurora,Embedded Software Engineer I,Firmware / Embedded,"Mountain View, CA",US,Other,,,Apr 30,Hybrid,jobright:SW@hist,https://jobright.ai/jobs/info/69ec54b1dc35f7132c4b672b
AVDG - GC Pro/Custom House,Embedded Service Technician I (The Bay Area),Firmware / Embedded,"Fremont, CA",US,Other,,,May 19,On Site,jobright:ENG@hist,https://jobright.ai/jobs/info/6a0d234c22d0d34036c9bec2
Baxter International Inc.,Embedded Software Engineer,Firmware / Embedded,"Skaneateles Falls, NY",US,Other,,,May 22,On Site,jobright:SW@hist,https://jobright.ai/jobs/info/6a10611783d7144289825cba
Baxter International Inc.,Embedded Software Engineer,Firmware / Embedded,"Skaneateles, NY, US",US,Other,,,May 21,On Site,jobright:SW@hist,https://jobright.ai/jobs/info/6a0f162f72b52f7225f3ad83
BETA TECHNOLOGIES,Embedded Software Engineer / Ground Support Equipment,Firmware / Embedded,"South Burlington, VT",US,Other,,,Apr 03,On Site,jobright:SW@hist,https://jobright.ai/jobs/info/69d01f8f891d7b11cfcd8b28
Blissway Inc.,"Chile Based, Embedded Systems Engineer",Firmware / Embedded,"Denver, CO",US,Other,,,Apr 27,Hybrid,jobright:ENG@hist,https://jobright.ai/jobs/info/69efee8416b2612c2a12cd85
Blue Origin,Avionics Software – Early Career - Embedded - Engineer I,Firmware / Embedded,"LA; Kent, WA",US,Other,,us-person-likely,4mo,,simplify:HW,https://blueorigin.wd5.myworkdayjobs.com/blueorigin/job/Greater-Seattle-Area/Avionics-Software--Embedded--Engineer-I---Early-Career--2026-Starts-_R58482
Blue Origin,Avionics / Embedded Software Engineer I - Early Career (2026 Starts),Firmware / Embedded,"Los Angeles, CA",US,Other,,us-person-likely,May 19,On Site,jobright:SW@hist,https://jobright.ai/jobs/info/6a0a131d8f3e371eb618703b
Blue Origin,Avionics / Embedded Software Engineer I - Early Career (2026 Starts),Firmware / Embedded,Greater Seattle Area,US,Other,,us-person-likely,May 17,On Site,jobright:SW@hist,https://jobright.ai/jobs/info/69d5dc684a12eb12c5e13fa6
Bobcat Company,Embedded Software Engineer (Level DOE) Job Details / Doosan Corp,Firmware / Embedded,"Fargo, US, 58102",US,Other,,,Jun 09,On Site,jobright:SW,https://jobright.ai/jobs/info/6a28c44ffd37e62bb47ab025
Bobcat Company,Embedded Software Engineer (Level DOE),Firmware / Embedded,"Fargo, ND",US,Other,,,May 23,On Site,jobright:SW@hist,https://jobright.ai/jobs/info/6a0c09a44d93203636875848
Boeing,Entry Level Embedded Software Engineer,Firmware / Embedded,"Fort Walton Beach, FL",US,Other,,us-person-likely,Apr 29,On Site,jobright:SW@hist,https://jobright.ai/jobs/info/69f1ee708d8d624381a9e884
Boeing,Entry-Level Missions Systems Software Engineers - Embedded,Firmware / Embedded,"USA - Berkeley, MO",US,Other,,us-person-likely,Apr 17,On Site,jobright:SW@hist,https://jobright.ai/jobs/info/69e34e353ce36005badc1749
Boeing,Associate Embedded Software Engineers,Firmware / Embedded,"St Charles, MO",US,Other,,us-person-likely,Apr 05,On Site,jobright:SW@hist,https://jobright.ai/jobs/info/69d260a10b098b7a67088a5a
Boeing,Associate Embedded Software Engineers,Firmware / Embedded,"USA - Saint Louis, MO",US,Other,,us-person-likely,Apr 02,On Site,jobright:SW@hist,https://jobright.ai/jobs/info/69cead6dcdb525785fb99f36
Boeing,Associate Embedded Software Engineers,Firmware / Embedded,"USA - Saint Charles, MO",US,Other,,us-person-likely,Apr 02,On Site,jobright:SW@hist,https://jobright.ai/jobs/info/69cead53891d7b11cfccb1cd
Boom Supersonic,"Software Engineer, Embedded",Firmware / Embedded,"Englewood, CO",US,Other,,,May 21,On Site,jobright:SW@hist,https://jobright.ai/jobs/info/69bb26fb3b74eb1e2c8995dc
Boom Supersonic,"Software Engineer, Embedded",Firmware / Embedded,"Centennial, CO",US,Other,,,Apr 12,On Site,jobright:SW@hist,https://jobright.ai/jobs/info/69db7853b67cec4f9b0af15f
Brain Corp,Software Engineer 1 - Firmware,Firmware / Embedded,"San Diego, CA",US,Other,,,1mo,,simplify:HW,https://braincorp.com/open-positions?gh_jid=8502582002
Brain Corp,"Software Engineer I, Firmware",Firmware / Embedded,"San Diego, CA",US,Other,,,Jun 05,On Site,jobright:SW,https://jobright.ai/jobs/info/69efff9b58811370cb14a16f
Brain Corp,"Software Engineer I, Firmware",Firmware / Embedded,"San Diego, California",US,Other,,,Jun 05,On Site,jobright:SW,https://jobright.ai/jobs/info/6a0727dc24dcb03739f22ee3
Brunswick Corporation,Embedded Software Engineer,Firmware / Embedded,"Oshkosh, WI, US",US,Other,,,Jun 05,Hybrid,jobright:SW,https://jobright.ai/jobs/info/6a25615c757ade085b6b19d1
Carbon Robotics,"Jr. Software Engineer, Embedded Firmware",Firmware / Embedded,"Seattle, WA",US,Other,,,Apr 15,On Site,jobright:SW@hist,https://jobright.ai/jobs/info/69e0593a9564e855a25dce95
Caterpillar Inc.,Embedded Software Engineer,Firmware / Embedded,"Mossville, IL",US,Other,,,May 05,On Site,jobright:SW@hist,https://jobright.ai/jobs/info/69f423e8c78b9e4518959675
Caterpillar Inc.,Embedded Software Engineer,Firmware / Embedded,"Mossville, Illinois, US",US,Other,,,Apr 30,On Site,jobright:SW@hist,https://jobright.ai/jobs/info/69f75c8db1fc847fc1ae6088
Celero Communications,Firmware Developer,Firmware / Embedded,"Ottawa, Canada",US,Other,,,Jun 09,On Site,jobright:SW,https://jobright.ai/jobs/info/6a21a409902d19201c7b8a11
Christie Digital Systems,Embedded Software Developer - LED,Firmware / Embedded,"Christie Digital Systems Innovations ULC, 809 Wellington St. N., Kitchener, Ontario, Canada",US,Other,,,May 04,Hybrid,jobright:SW@hist,https://jobright.ai/jobs/info/69f91b3481706a5bd21708f7
"Cipher Tech Solutions, Inc.",Embedded Reverse Engineer: All Levels - FUTURE NEED,Firmware / Embedded,"Vienna, VA",US,Other,,,Apr 01,On Site,jobright:ENG@hist,https://jobright.ai/jobs/info/69ce416c366bb95ba55099c1
Clockwork (acquired by 10Beauty),Embedded Software Engineer,Firmware / Embedded,"Burlington, MA",US,Other,,,May 15,On Site,jobright:SW@hist,https://jobright.ai/jobs/info/6a06c71438dbee7915cf6b85
CNH,Innovation Embedded Software Engineer,Firmware / Embedded,"Oak Brook, IL",US,Other,,,Apr 08,Hybrid,jobright:SW@hist,https://jobright.ai/jobs/info/69b4bb1d569738374139918d
CoreWeave,Bare Metal Support Engineer,Firmware / Embedded,"Bellevue, WA",US,Other,,,May 04,Hybrid,jobright:ENG@hist,https://jobright.ai/jobs/info/680bfcbbc4e9fe0bb37b074f
CoreWeave,Bare Metal Support Engineer,Firmware / Embedded,"Sunnyvale, CA",US,Other,,,May 03,Hybrid,jobright:ENG@hist,https://jobright.ai/jobs/info/680bfcbbc4e9fe0bb37b074e
CoreWeave,Bare Metal Support Engineer,Firmware / Embedded,"New York, NY",US,Other,,,May 02,Hybrid,jobright:ENG@hist,https://jobright.ai/jobs/info/680bfcbbc4e9fe0bb37b0750
CoreWeave,Bare Metal Support Engineer,Firmware / Embedded,"Livingston, NJ",US,Other,,,Apr 11,Hybrid,jobright:ENG@hist,https://jobright.ai/jobs/info/68ca3c2bd4187c55157a8b1a
Custom Manufacturing & Engineering,Electrical Engineer – Embedded Systems / Power Electronics,Firmware / Embedded,"Pinellas Park,FL,US",US,Other,,,Apr 06,On Site,jobright:ENG@hist,https://jobright.ai/jobs/info/69d4b0d3cfdc6132f945d286
Custom Manufacturing & Engineering,Electrical Engineer – Embedded Systems,Firmware / Embedded,"Pinellas Park, FL",US,Other,,,Apr 06,On Site,jobright:ENG@hist,https://jobright.ai/jobs/info/69d61797a5c9786095e4957d
Datavant,Embedded ROI Processor,Firmware / Embedded,"Atlanta, GA, US",US,Other,,,May 12,Remote,jobright:ENG@hist,https://jobright.ai/jobs/info/6a05300e7c753c287f6f75ba
Datavant,Embedded ROI Processor,Firmware / Embedded,Remote - United States,US,Other,,,May 07,Remote,jobright:ENG@hist,https://jobright.ai/jobs/info/69fcc0db6b788e7e7a5c23ba
Datavant,Embedded ROI Processor,Firmware / Embedded,United States,US,Other,,,Apr 09,Remote,jobright:ENG@hist,https://jobright.ai/jobs/info/69db562ff748bc5d08a58360
Datavant,Embedded ROI Processor,Firmware / Embedded,"Remote, OR, US",US,Other,,,Apr 30,Remote,jobright:SW@hist,https://jobright.ai/jobs/info/69f68a9bdb88714bcdfb6ec1
Datavant,Embedded Remote Processor,Firmware / Embedded,Remote - United States,US,Other,,,Apr 09,Remote,jobright:SW@hist,https://jobright.ai/jobs/info/69db56f5f748bc5d08a58572
Doble Engineering,Embedded Software Engineer - Allen Bradley PLC - Local candidates only!,Firmware / Embedded,"Accident, MD",US,Other,,,May 27,On Site,jobright:SW@hist,https://jobright.ai/jobs/info/6a170e185b0a497d52107bd9
Draper,Embedded Software Engineer,Firmware / Embedded,"Cambridge, MA, US",US,Other,,us-person-likely,Jun 09,Hybrid,jobright:SW,https://jobright.ai/jobs/info/6a215130902d19201c7b7045
Draper,Embedded Software Engineer,Firmware / Embedded,Greater Boston,US,Other,,us-person-likely,Jun 09,On Site,jobright:SW,https://jobright.ai/jobs/info/6a207a4a902d19201c7b2871
Emerson,Embedded Software Engineer,Firmware / Embedded,"Shakopee, MN",US,Other,,no-sponsorship,Aug 07,,vansh,https://hdjq.fa.us2.oraclecloud.com/hcmUI/CandidateExperience/en/sites/CX_1/job/25024266
ESCO Technologies,Embedded Software Engineer,Firmware / Embedded,"Accident, MD 21520, USA",US,Other,,,May 27,On Site,jobright:SW@hist,https://jobright.ai/jobs/info/6a16eb5c9005d858e94f4336
Evertz,Embedded Software Engineer,Firmware / Embedded,"Burlington, Ontario, Canada",US,Other,,,May 13,On Site,jobright:SW@hist,https://jobright.ai/jobs/info/6a04550bbc4184089f239a69
FieldAI,Embedded Systems Engineer-Federal,Firmware / Embedded,"Irvine, CA",US,Other,,,Jun 02,On Site,jobright:ENG@hist,https://jobright.ai/jobs/info/6a02a5d022395b6dc6d8ce87
FieldAI,Embedded Systems Engineer-Federal,Firmware / Embedded,"Pittsburgh, PA",US,Other,,,Jun 02,On Site,jobright:ENG@hist,https://jobright.ai/jobs/info/6a02a5cced6a637463f485e9
FieldAI,"Embedded Systems Engineer, Robotics Hardware",Firmware / Embedded,"Irvine, CA",US,Other,,,May 28,On Site,jobright:ENG@hist,https://jobright.ai/jobs/info/6a18143aac2d34081458b244
Fortinet,Embedded Software Engineer,Firmware / Embedded,"Sunnyvale, CA",US,Other,,,May 01,Hybrid,jobright:SW@hist,https://jobright.ai/jobs/info/69f4fac081706a5bd216417d
General Dynamics,Embedded Software Engineer - Junior,Firmware / Embedded,US-FL-Orlando,US,Other,,us-person-likely,Apr 09,On Site,jobright:SW@hist,https://jobright.ai/jobs/info/69d80afcf4ea471a51fe3646
General Dynamics,Junior Embedded Software Engineer (cleared),Firmware / Embedded,"Dedham, MA, US",US,Other,,us-person-likely,Apr 08,On Site,jobright:SW@hist,https://jobright.ai/jobs/info/69d6f95a706f771673baf0fa
General Dynamics Mission Systems,Junior RUST Embedded Software Engineer (cleared),Firmware / Embedded,"Dedham, MA",US,Other,,us-citizenship;us-person-likely,1mo,,simplify:SW,https://careers-gdms.icims.com/jobs/71965/junior-rust-embedded-software-engineer-%28cleared%29/job
General Dynamics Mission Systems,Embedded Software Engineer Entry Level,Firmware / Embedded,"Bloomington, MN",US,Other,,us-person-likely,May 01,On Site,jobright:SW@hist,https://jobright.ai/jobs/info/69f295908d8d624381aa19fb
General Dynamics Mission Systems,Embedded Software Engineer - Junior,Firmware / Embedded,"Orlando, FL",US,Other,,us-person-likely,Apr 09,Hybrid,jobright:SW@hist,https://jobright.ai/jobs/info/69d82672b861c42857c4908e
General Dynamics Mission Systems,Junior Embedded Software Engineer (cleared),Firmware / Embedded,"Dedham, MA",US,Other,,us-person-likely,Apr 08,On Site,jobright:SW@hist,https://jobright.ai/jobs/info/69d6d18c366bb95ba5550240
General Dynamics UK,Junior Firmware Engineer,Firmware / Embedded,"Ashford District, UK",US,Other,,us-person-likely,1mo,,simplify:HW,https://jobs.smartrecruiters.com/GDMSI/744000123456285
General Dynamics UK Limited,Junior Firmware Engineers,Firmware / Embedded,"Hastings, England, United Kingdom",US,Other,,us-person-likely,Apr 28,On Site,jobright:ENG@hist,https://jobright.ai/jobs/info/69f0df7c825a315d7ca34bca
HCLTech,Embedded Tester,Firmware / Embedded,"Alameda, CA",US,Other,,,May 14,On Site,jobright:SW@hist,https://jobright.ai/jobs/info/69efe7a94b0fa35a7078ca90
HCLTech,Embedded Tester,Firmware / Embedded,"Frisco, TX",US,Other,,,May 11,On Site,jobright:SW@hist,https://jobright.ai/jobs/info/6a01f804fa1aa73213d95c0f
HCLTech,Embedded Tester (SIT),Firmware / Embedded,"Frisco, TX",US,Other,,,May 06,On Site,jobright:SW@hist,https://jobright.ai/jobs/info/69d6781fe63cea7a8b669194
HCLTech,Embedded Tester,Firmware / Embedded,"Lafayette, CO",US,Other,,,Apr 14,On Site,jobright:SW@hist,https://jobright.ai/jobs/info/69de5b7818cf504166e2c920
HCLTech,Embedded Tester (SIT),Firmware / Embedded,"Alameda, CA",US,Other,,,Apr 07,On Site,jobright:SW@hist,https://jobright.ai/jobs/info/695d97cff1f8465b79f3dee2
Hexagon Mining,QA Technician – Firmware Testing,Firmware / Embedded,"Hybrid in Greater Sudbury, Ontario, Canada",US,Other,,,Apr 10,Hybrid,jobright:SW@hist,https://jobright.ai/jobs/info/69daaaae869c7e25d85a4c0b
"Hologic, Inc.",Embedded Software Engineer,Firmware / Embedded,"Newark, DE",US,Other,,,Apr 18,On Site,jobright:SW@hist,https://jobright.ai/jobs/info/69e26fcc3ce36005badbe033
Honeywell,Embedded Engineer 1 New Grad,Firmware / Embedded,"St. Charles, IL",US,Other,,,28d,,simplify:HW,https://ibqbjb.fa.ocs.oraclecloud.com/hcmUI/CandidateExperience/en/sites/Honeywell/job/140055
Honeywell,Embedded Engineer 1,Firmware / Embedded,"North Haven, CT",US,Other,,,1mo,,simplify:HW,https://ibqbjb.fa.ocs.oraclecloud.com/hcmUI/CandidateExperience/en/sites/Honeywell/job/145265
Honeywell,Embedded Engr I (New Graduate),Firmware / Embedded,"Saint Charles, IL, United States",US,Other,,,May 11,On Site,jobright:SW@hist,https://jobright.ai/jobs/info/6a080d9a3b54ed42d74d4073
Honeywell,Embedded Engineer - Recent Grad/Full Time,Firmware / Embedded,United States,US,Other,,,Apr 25,Remote,jobright:SW@hist,https://jobright.ai/jobs/info/69cb74ace565c26a7004790f
Honeywell Aerospace Technologies,Software Engineer I - Embedded & Linux Systems,Firmware / Embedded,"Colorado Springs, CO, United States",US,Other,,us-person-likely,Jun 04,On Site,jobright:SW,https://jobright.ai/jobs/info/6a21e2d4c00e701fe8371902
John Deere,Embedded Software Engineer Job Details / John Deere,Firmware / Embedded,"Urbandale, Iowa, US, 50322",US,Other,,,Jun 09,On Site,jobright:SW,https://jobright.ai/jobs/info/6a2812672d6c332ee52e35d5
John Deere,Embedded Software Engineer,Firmware / Embedded,"Urbandale, IA",US,Other,,,May 29,On Site,jobright:SW@hist,https://jobright.ai/jobs/info/6a160263554b0e12c05886fa
John Deere,Embedded Software Engineer,Firmware / Embedded,"Dubuque, IA",US,Other,,,Apr 01,On Site,jobright:SW@hist,https://jobright.ai/jobs/info/69d0aa16cdb525785fbacb4e
Kratos Defense and Security Solutions,Embedded Software Engineer,Firmware / Embedded,"Colorado Springs, CO",US,Other,,,Jun 03,On Site,jobright:SW,https://jobright.ai/jobs/info/69caec7de565c26a70042789
L&T Technology Services,Embedded Software Engineer,Firmware / Embedded,"Mossville, IL",US,Other,,,May 11,On Site,jobright:SW@hist,https://jobright.ai/jobs/info/6a01ea8ec4b08448a0b217f5
L&T Technology Services,Matlab / Simulink Embedded Engineer,Firmware / Embedded,"Mossville, IL",US,Other,,,May 11,On Site,jobright:SW@hist,https://jobright.ai/jobs/info/6a01ea853053db70a11732f9
Landis+Gyr,"Engineer I, Firmware Development",Firmware / Embedded,"Alpharetta, GA",US,Other,,,May 01,On Site,jobright:SW@hist,https://jobright.ai/jobs/info/69f4d353a3d34b4f76f51c90
Leonardo,Graduate Firmware Engineer,Firmware / Embedded,"Luton, England, United Kingdom",US,Other,,,May 21,Hybrid,jobright:ENG@hist,https://jobright.ai/jobs/info/69eb3765dc35f7132c4ae461
"Lexington Medical, Inc",Embedded Software Engineer,Firmware / Embedded,"Bedford, MA",US,Other,,,Jun 02,On Site,jobright:SW@hist,https://jobright.ai/jobs/info/6a1e201e6b135014dbc9abe4
Life Fitness,Embedded Software Engineer 1,Firmware / Embedded,"Hoffman Estates, IL",US,Other,,,2mo,,simplify:HW,https://lifefitness.wd1.myworkdayjobs.com/searchLFN/job/Schaumburg-IL-60173/Embedded-Software-Engineer-I_JR-024894
Lightmatter,"Embedded Software Engineer, Lasers",Firmware / Embedded,"Mountain View, CA",US,Other,,,May 18,Hybrid,jobright:SW@hist,https://jobright.ai/jobs/info/6a0b3a2c963f7a67d95cd2a4
Lockheed Martin,Embedded S/W Engineer - Early Career,Firmware / Embedded,Maryland,US,Other,,us-person-likely,Jun 01,On Site,jobright:SW@hist,https://jobright.ai/jobs/info/6a1d9ad6b524ae49285a710e
Lockheed Martin,"MLB Embedded S/W Engineer Asc - Early Career - Orlando, FL",Firmware / Embedded,Orlando Florida,US,Other,,us-person-likely,May 30,On Site,jobright:SW@hist,https://jobright.ai/jobs/info/6a1ac2ce6b135014dbc8bcd5
Lockheed Martin,"Software Engineer - Embedded, Dallas, TX - Associate",Firmware / Embedded,Grand Prairie-TX,US,Other,,us-person-likely,May 26,On Site,jobright:SW@hist,https://jobright.ai/jobs/info/6a15d070554b0e12c058631c
Lockheed Martin,"Software Engineer - Embedded, Dallas, TX - Associate",Firmware / Embedded,"Dallas, TX",US,Other,,us-person-likely,May 26,On Site,jobright:SW@hist,https://jobright.ai/jobs/info/6a0f54a183d714428981eaf2
Lockheed Martin,"Software Engineer - Embedded, Dallas, TX - Associate",Firmware / Embedded,Grand Prairie Texas,US,Other,,us-person-likely,May 21,On Site,jobright:SW@hist,https://jobright.ai/jobs/info/6a0f54a083d714428981eaf1
Lockheed Martin,"MLB Embedded S/W Engineer Asc - Early Career - Orlando, FL",Firmware / Embedded,Possible,US,Other,,us-person-likely,May 06,On Site,jobright:SW@hist,https://jobright.ai/jobs/info/69fb99b418b94b2515be3d03
Lockheed Martin,"LRASM Embedded S/W Engineer Associate - Orlando, FL",Firmware / Embedded,Orlando Florida,US,Other,,us-person-likely,Apr 08,On Site,jobright:SW@hist,https://jobright.ai/jobs/info/69d6a4d4706f771673babf01
Lockheed Martin,"LRASM Embedded S/W Engineer Associate - Orlando, FL",Firmware / Embedded,Possible,US,Other,,us-person-likely,Apr 08,On Site,jobright:SW@hist,https://jobright.ai/jobs/info/69d6a4c5366bb95ba554de00
Maize Microsystems,Mixed Software and Firmware Engineer,Firmware / Embedded,"Louisville, CO",US,Other,,,May 21,On Site,jobright:ENG@hist,https://jobright.ai/jobs/info/6a0edcc6619335383fb27c5e
Memorial Sloan Kettering Cancer Center,"Post-Doctoral Researcher Supporting Embedded Faculty Member, Minna Lee (with the Sarat Chandarlapaty Laboratory)",Firmware / Embedded,"New York, NY",US,Other,,,May 14,On Site,jobright:ENG@hist,https://jobright.ai/jobs/info/69979e7f81476f6176afb9b6
Memorial Sloan Kettering Cancer Center,"Postdoctoral Researcher supporting Ivan Kotchetkov, embedded faculty in Minn Lab",Firmware / Embedded,"New York, NY",US,Other,,,Apr 02,On Site,jobright:ENG@hist,https://jobright.ai/jobs/info/69d1d9c0891d7b11cfce6cb1
Microwave Techniques,Embedded Software Engineer,Firmware / Embedded,"Nashua, NH",US,Other,,,May 21,On Site,jobright:SW@hist,https://jobright.ai/jobs/info/6a0f16da72b52f7225f3adb6
Monnit Corporation,Electrical Engineer (IoT / Firmware / Hardware),Firmware / Embedded,"Kaysville, UT",US,Other,,,Apr 16,On Site,jobright:ENG@hist,https://jobright.ai/jobs/info/69e1ec03d612782e6114d5cc
Moog Inc.,Embedded Software & Systems Engineering,Firmware / Embedded,"Santa Barbara, CA",US,Other,,,Apr 07,On Site,jobright:SW@hist,https://jobright.ai/jobs/info/69b8614b3b74eb1e2c861ca4
Motorola Solutions,Embedded Software Engineer (DSP),Firmware / Embedded,"Plantation, FL, US",US,Other,,,May 11,On Site,jobright:SW@hist,https://jobright.ai/jobs/info/6a0284d3c2ffb31f4536d894
Motorola Solutions,Embedded Software Engineer (DSP),Firmware / Embedded,"Schaumburg, IL, US",US,Other,,,May 11,On Site,jobright:SW@hist,https://jobright.ai/jobs/info/6a02849fc4b08448a0b26a64
Motorola Solutions,Embedded Software Engineer (Web Interface Developer),Firmware / Embedded,"Los Angeles, CA",US,Other,,,Apr 14,Hybrid,jobright:SW@hist,https://jobright.ai/jobs/info/698bafce0f6f7e7a2ce72b0b
NationMind LLC,Embedded Engineer,Firmware / Embedded,"Atlanta, GA, US",US,Other,,,May 18,On Site,jobright:SW@hist,https://jobright.ai/jobs/info/6a0b918ea235d749afa86de8
Neuralink,"Electrical Engineer, Implant Embedded Systems",Firmware / Embedded,Austin - ATX1,US,Other,,,May 23,On Site,jobright:ENG@hist,https://jobright.ai/jobs/info/6a125d9883d714428982da9e
Neuralink,"Electrical Engineer, Implant Embedded Systems",Firmware / Embedded,"South San Francisco, California, United States",US,Other,,,May 23,On Site,jobright:ENG@hist,https://jobright.ai/jobs/info/6a125d9783d714428982da9a
Neuralink,"Electrical Engineer, Implant Embedded Systems",Firmware / Embedded,South San Francisco - SSF,US,Other,,,May 23,On Site,jobright:ENG@hist,https://jobright.ai/jobs/info/6a125d9783d714428982da9b
Neuralink,"Electrical Engineer, Implant Embedded Systems",Firmware / Embedded,"Austin, Texas, United States",US,Other,,,May 23,On Site,jobright:ENG@hist,https://jobright.ai/jobs/info/6a125d9783d714428982da9c
Neuralink,"Electrical Engineer, Implant Embedded Systems",Firmware / Embedded,"Austin, TX",US,Other,,,May 21,On Site,jobright:ENG@hist,https://jobright.ai/jobs/info/6a0f625e619335383fb2bbdc
Neuralink,"Electrical Engineer, Implant Embedded Systems",Firmware / Embedded,"San Francisco, CA",US,Other,,,May 21,On Site,jobright:ENG@hist,https://jobright.ai/jobs/info/6a0f5ce972b52f7225f3d3e5
Neuralink,"Electrical Engineer, Implant Embedded Systems",Firmware / Embedded,"South San Francisco, CA",US,Other,,,May 21,On Site,jobright:ENG@hist,https://jobright.ai/jobs/info/6a0fbdb883d71442898228df
Neuralink,"Electrical Engineer, Implant Embedded Systems",Firmware / Embedded,"Fremont, California, United States",US,Other,,,May 15,On Site,jobright:ENG@hist,https://jobright.ai/jobs/info/6a07042b4a0a6a7e7d82074f
Neuralink,"Electrical Engineer, Implant Embedded Systems",Firmware / Embedded,Fremont - Campus,US,Other,,,May 15,On Site,jobright:ENG@hist,https://jobright.ai/jobs/info/6a07042a4a0a6a7e7d820746
Neuralink,"Embedded Software Engineer, Implant Embedded Systems",Firmware / Embedded,"Austin, Texas, United States",US,Other,,,May 22,On Site,jobright:SW@hist,https://jobright.ai/jobs/info/6a109bfe619335383fb33b84
Neuralink,"Embedded Software Engineer, Implant Embedded Systems",Firmware / Embedded,Austin - ATX1,US,Other,,,May 22,On Site,jobright:SW@hist,https://jobright.ai/jobs/info/6a109bfe619335383fb33b85
Neuralink,"Embedded Software Engineer, Implant Embedded Systems",Firmware / Embedded,"South San Francisco, California, United States",US,Other,,,May 22,On Site,jobright:SW@hist,https://jobright.ai/jobs/info/6a109bfd619335383fb33b83
Neuralink,"Embedded Software Engineer, Implant Embedded Systems",Firmware / Embedded,South San Francisco - SSF,US,Other,,,May 22,On Site,jobright:SW@hist,https://jobright.ai/jobs/info/6a109bfd619335383fb33b82
Neuralink,"Embedded Software Engineer, Implant Embedded Systems",Firmware / Embedded,"San Francisco, CA",US,Other,,,May 21,On Site,jobright:SW@hist,https://jobright.ai/jobs/info/6a0f500d83d714428981e885
Neuralink,"Embedded Software Engineer, Implant Embedded Systems",Firmware / Embedded,"South San Francisco, CA",US,Other,,,May 21,On Site,jobright:SW@hist,https://jobright.ai/jobs/info/6a0f50009f654b3359ce45b5
Neuralink,"Embedded Software Engineer, Implant Embedded Systems",Firmware / Embedded,"Austin, TX",US,Other,,,May 21,On Site,jobright:SW@hist,https://jobright.ai/jobs/info/6a0f4ee180bf0430c7632868
Neuralink,"Embedded Software Engineer, Implant Embedded Systems",Firmware / Embedded,"Fremont, CA",US,Other,,,May 17,On Site,jobright:SW@hist,https://jobright.ai/jobs/info/68ce374e1ad6b16f028a30f0
Neuralink,"Embedded Software Engineer, Implant Embedded Systems",Firmware / Embedded,"Fremont, California, United States",US,Other,,,May 15,On Site,jobright:SW@hist,https://jobright.ai/jobs/info/6a07021f9f57175bd581e25a
Neuralink,"Embedded Software Engineer, Implant Embedded Systems",Firmware / Embedded,Fremont - Campus,US,Other,,,May 15,On Site,jobright:SW@hist,https://jobright.ai/jobs/info/6a07021f9f57175bd581e25d
Nokia,Firmware Engineer,Firmware / Embedded,"600 March Road, Ottawa, Ontario, K2K 2E6, CA",US,Other,,,Jun 03,On Site,jobright:SW,https://jobright.ai/jobs/info/6a0d5d8d22d0d34036c9d755
Nomad Global Communication Solutions,Embedded Systems Engineer I,Firmware / Embedded,"Columbia Falls, Montana, United States",US,Other,,,May 21,On Site,jobright:ENG@hist,https://jobright.ai/jobs/info/6a0f8ff972b52f7225f3f16d
Northrop Grumman,Calling all Secret-Cleared Embedded SW Engineering Pros! (Space) Chandler,Firmware / Embedded,"Chandler, AZ",US,Other,,us-person-likely,May 19,On Site,jobright:SW@hist,https://jobright.ai/jobs/info/69efb83b16b2612c2a12b0aa
Northrop Grumman,Embedded Software Engineer (San Diego) - R10233070,Firmware / Embedded,"San Diego, CA",US,Other,,us-person-likely,May 16,On Site,jobright:SW@hist,https://jobright.ai/jobs/info/6a08fc6c6186f4685988af62
Northrop Grumman,Calling all Secret-Cleared Embedded SW Engineering Pros! (Space) Chandler - R10229830,Firmware / Embedded,"Chandler, AZ",US,Other,,us-person-likely,Apr 17,On Site,jobright:SW@hist,https://jobright.ai/jobs/info/69e2b8dfbe46fa3a4ef588cf
Northrop Grumman,Embedded Software Engineer,Firmware / Embedded,"Camarillo, CA",US,Other,,us-person-likely,Apr 16,On Site,jobright:SW@hist,https://jobright.ai/jobs/info/69e17ad340a62c1fa93b8a57
Northrop Grumman,Associate Engineer Embedded Software - R10227992,Firmware / Embedded,"Magna, UT",US,Other,,us-person-likely,Apr 04,On Site,jobright:SW@hist,https://jobright.ai/jobs/info/69d18ff0cdb525785fbb2fdb
Northrop Grumman,Associate Engineer Embedded Software,Firmware / Embedded,"Magna, UT",US,Other,,us-person-likely,Apr 04,On Site,jobright:SW@hist,https://jobright.ai/jobs/info/69d16952891d7b11cfce3750
Northrop Grumman,Embedded Software Engineer - Level 1 and 2 - R10227850,Firmware / Embedded,"Warner Robins, GA",US,Other,,us-person-likely,Apr 01,On Site,jobright:SW@hist,https://jobright.ai/jobs/info/69cd9e77891d7b11cfcbe052
Northrop Grumman,Embedded Software Engineer - Level 1 and 2,Firmware / Embedded,"Warner Robins, GA",US,Other,,us-person-likely,Apr 01,On Site,jobright:SW@hist,https://jobright.ai/jobs/info/69cd381ecfdc6132f941697b
Northrop Grumman Australia,Embedded Software Engineer – Level 1 or 2,Firmware / Embedded,"United States-Illinois-Rolling Meadows, US",US,Other,,us-person-likely,May 19,On Site,jobright:SW@hist,https://jobright.ai/jobs/info/6a0c6ffa963f7a67d95d79e7
Northrop Grumman Australia,Calling all Secret-Cleared Embedded SW Engineering Pros! (Space) Chandler,Firmware / Embedded,United States-Arizona-Chandler,US,Other,,us-person-likely,Apr 16,On Site,jobright:SW@hist,https://jobright.ai/jobs/info/69e12e6bff71e82d604b5847
Northrop Grumman Australia,Embedded Software Engineer,Firmware / Embedded,United States-California-Camarillo,US,Other,,us-person-likely,Apr 15,On Site,jobright:SW@hist,https://jobright.ai/jobs/info/69dfcda8433ac8430e0e254a
Northrop Grumman Australia,Associate Engineer Embedded Software,Firmware / Embedded,United States-Utah-Magna,US,Other,,us-person-likely,Apr 03,On Site,jobright:SW@hist,https://jobright.ai/jobs/info/69cfd4a80b098b7a67073e9e
Omnissa,Full time: Embedded Software Engineer,Firmware / Embedded,"Venice, CA",US,Other,,,Apr 06,On Site,jobright:SW@hist,https://jobright.ai/jobs/info/69d48d4d891d7b11cfcfb5cd
Page closed,Embedded Software Engineer (Level DOE),Firmware / Embedded,"Fargo, ND",US,Other,,,Apr 10,On Site,jobright:SW@hist,https://jobright.ai/jobs/info/69d9917e9f97a42dc9c22363
Penn State University,Embedded Software Engineer,Firmware / Embedded,"University Park, PA",US,Other,,,May 14,On Site,jobright:SW@hist,https://jobright.ai/jobs/info/6a06126ebc4184089f24a9f4
Penn State University,Embedded Software Engineer,Firmware / Embedded,"Penn State University Park, US",US,Other,,,May 14,On Site,jobright:SW@hist,https://jobright.ai/jobs/info/6a05d7a06c07461fe17191e2
"Penumbra, Inc.",R&D Engineer II - Embedded Firmware,Firmware / Embedded,"Alameda, CA",US,Other,,,May 22,On Site,jobright:SW@hist,https://jobright.ai/jobs/info/69d95f14869c7e25d859a85b
"Persistent Systems, LLC",Embedded Software Engineer,Firmware / Embedded,"New York, NY",US,Other,,,May 05,On Site,jobright:SW@hist,https://jobright.ai/jobs/info/69fb28de38179b6f1ae761f8
Proception Inc,Robotics Software Engineering - Real-Time Control & Embedded Systems,Firmware / Embedded,"Palo Alto, CA",US,Other,,,Oct 27,,vansh,https://www.workatastartup.com/jobs/76499
Quadric,AI Kernel Engineer (New Grad),Firmware / Embedded,"Burlingame, CA",US,Other,,,May 06,Hybrid,jobright:ENG@hist,https://jobright.ai/jobs/info/69fb8adc18b94b2515be310f
RAB Lighting,Firmware Engineer,Firmware / Embedded,"New York, NY",US,Other,,,Apr 29,Hybrid,jobright:SW@hist,https://jobright.ai/jobs/info/69f216548feca91f14923113
Range Energy,Firmware & Embedded Software Engineer,Firmware / Embedded,"Mountain View, CA",US,Other,,,Apr 02,On Site,jobright:SW@hist,https://jobright.ai/jobs/info/69ced39a891d7b11cfccce5a
Raytheon,2026 Raytheon Full Time Embedded Software Engineer I,Firmware / Embedded,"Indianapolis, IN",US,Other,,us-person-likely,May 22,On Site,jobright:SW@hist,https://jobright.ai/jobs/info/6a102e3b69bd827926aeca49
Raytheon,2026 Raytheon Full Time Embedded Software Engineer I,Firmware / Embedded,"indianapolis, Indiana, United States of America",US,Other,,us-person-likely,May 22,On Site,jobright:SW@hist,https://jobright.ai/jobs/info/6a10168f83d7144289824045
Redwire,"Associate, Embedded Software Engineer (Embedded Software Engineer, Associate)",Firmware / Embedded,"734 Forest Street, Unit #100, Marlborough, MA",US,Other,,,Apr 24,On Site,jobright:SW@hist,https://jobright.ai/jobs/info/69ec32a50a6e09555304d153
Rehlko,Project Engineer – Embedded Software,Firmware / Embedded,"Kohler, WI",US,Other,,,May 21,Hybrid,jobright:SW@hist,https://jobright.ai/jobs/info/69d6e542706f771673baebbd
Resideo,Firmware Engineer I,Firmware / Embedded,"Golden Valley, MN",US,Other,,,May 12,Hybrid,jobright:SW@hist,https://jobright.ai/jobs/info/6a038ef622395b6dc6d95e24
Resideo,Firmware Engineer I,Firmware / Embedded,"1985 Douglas Drive North, Golden Valley, MN, 55422, US",US,Other,,,May 12,Hybrid,jobright:SW@hist,https://jobright.ai/jobs/info/6a03801fed6a637463f50a45
RTX,Embedded Linux Software Engineer 1,Firmware / Embedded,"Cedar Rapids, IA",US,Other,,us-person-likely,4mo,,simplify:HW,https://globalhr.wd5.myworkdayjobs.com/rec_rtx_ext_gateway/job/US-IA-CEDAR-RAPIDS-121--350-Collins-Rd-NE--BLDG-121/Embedded-Linux-Software-Engineer-I--Onsite-_01793223
RTX,Embedded Linux Software Engineer I (Onsite),Firmware / Embedded,"US-IA-CEDAR RAPIDS-121 ~ 350 Collins Rd NE ~ BLDG 121, US",US,Other,,us-person-likely,Jun 09,On Site,jobright:SW,https://jobright.ai/jobs/info/6a282e771dbd8437bebc9563
RTX,2026 Full-time - Embedded Software Engineer 1 - Onsite (CA),Firmware / Embedded,US-CA-EL SEGUNDO-E01 ~ 2000 E El Segundo Blvd ~ BLDG E01,US,Other,,us-person-likely,Jun 08,On Site,jobright:SW,https://jobright.ai/jobs/info/6a26f8c24ec8d737d6dfd0c7
RTX,Embedded Software Engineer I,Firmware / Embedded,"El Segundo, CA",US,Other,,us-citizenship;us-person-likely,Apr 25,,vansh,https://globalhr.wd5.myworkdayjobs.com/en-GB/REC_RTX_Ext_Gateway/job/US-CA-EL-SEGUNDO-E01--2000-E-El-Segundo-Blvd--BLDG-E01/Embedded-Software-Engineer-I_01840903
RTX,2026 Raytheon Full Time Embedded Software Engineer I,Firmware / Embedded,"US-IN-INDIANAPOLIS-206 ~ 3939 Priority Way S Dr ~ PRIORITY BLDG 6, US",US,Other,,us-person-likely,May 21,On Site,jobright:SW@hist,https://jobright.ai/jobs/info/6a0f225012f8b43cf397c018
Sanmina,Embedded Software Developer (12 Month Contract),Firmware / Embedded,"Ottawa, ON",US,Other,,,Apr 15,On Site,jobright:SW@hist,https://jobright.ai/jobs/info/69e02b32433ac8430e0e4ac1
Sanmina,Embedded Software Developer (12 Month Contract) - (108485),Firmware / Embedded,"14051 - EMS Kanata CAN - Ottawa, ON K2K 0J9 CA (Primary)",US,Other,,,Apr 15,On Site,jobright:SW@hist,https://jobright.ai/jobs/info/69dfdfa64920452a85dcfffd
Scalence L.L.C.,Fresher/Junior Embedded software development -CAN communications,Firmware / Embedded,"Cary, NC",US,Other,,,Apr 10,On Site,jobright:SW@hist,https://jobright.ai/jobs/info/69d95f2ef748bc5d08a4ae49
Schweitzer Engineering Laboratories (SEL),Embedded Systems Engineer,Firmware / Embedded,"Washington - Pullman, US",US,Other,,,May 13,On Site,jobright:ENG@hist,https://jobright.ai/jobs/info/6a043f2b22395b6dc6d9b7ab
Schweitzer Engineering Laboratories (SEL),Embedded Systems Engineer,Firmware / Embedded,"Pullman, WA",US,Other,,,Apr 30,On Site,jobright:ENG@hist,https://jobright.ai/jobs/info/69f397cf1f90bd6ae23d0f84
"Scientific Applications & Research Associates (SARA), Inc.",Firmware Engineer,Firmware / Embedded,"Colorado Springs, CO",US,Other,,,May 28,On Site,jobright:SW@hist,https://jobright.ai/jobs/info/6a1850fa54a441713ae828c6
"Scientific Applications & Research Associates (SARA), Inc.",Firmware Engineer - 1587,Firmware / Embedded,"Colorado Springs, CO, US",US,Other,,,May 18,On Site,jobright:SW@hist,https://jobright.ai/jobs/info/6a0b65320411d7417a1b0607
Scout AI,Junior Firmware Engineer,Firmware / Embedded,"Sunnyvale, CA",US,Other,,us-citizenship,2mo,,simplify:SW,https://job-boards.greenhouse.io/scoutai/jobs/4643333008
Scout AI,Firmware Engineer,Firmware / Embedded,"Sunnyvale, CA",US,Other,,,Jun 04,On Site,jobright:SW,https://jobright.ai/jobs/info/69991e7c81476f6176b19da7
Scout AI,Junior Firmware Engineer,Firmware / Embedded,"Sunnyvale, California, United States",US,Other,,,Jun 02,On Site,jobright:SW@hist,https://jobright.ai/jobs/info/6a1f00268049156781165b38
Sibylline,Embedded GSOC Analyst,Firmware / Embedded,"Minneapolis, MN",US,Other,,,May 21,On Site,jobright:ENG@hist,https://jobright.ai/jobs/info/69b8b7a656973837413e4b88
Signify,Embedded Software Development Engineer - Philips Hue,Firmware / Embedded,"Menlo Park, CA",US,Other,,,Jun 02,On Site,jobright:SW@hist,https://jobright.ai/jobs/info/6a0eef0172b52f7225f3a0e1
Signify,Embedded Software Development Engineer - Philips Hue,Firmware / Embedded,"Menlo Park, US",US,Other,,,May 08,On Site,jobright:SW@hist,https://jobright.ai/jobs/info/69fe3a427714cd50b90fef73
Silvus Technologies,Embedded Software Engineer (Web Interface Developer),Firmware / Embedded,"Los Angeles, CA",US,Other,,,Apr 07,Hybrid,jobright:SW@hist,https://jobright.ai/jobs/info/68ccfcf25954791a1d702478
Smith+Nephew,Embedded Software Engineer I,Firmware / Embedded,"Andover, MA, US",US,Other,,,Jun 09,Hybrid,jobright:SW,https://jobright.ai/jobs/info/6a0b71840411d7417a1b0cc5
Solidigm,Solid State Drive Media Integration Firmware Engineer,Firmware / Embedded,"Rancho Cordova, CA",US,Other,,,May 20,Hybrid,jobright:ENG@hist,https://jobright.ai/jobs/info/6a0e3a6cbeb4d73cb623080c
"Sonos, Inc.",Junior Embedded Software Development Engineer,Firmware / Embedded,"Boston, MA",US,Other,,,May 26,Hybrid,jobright:SW@hist,https://jobright.ai/jobs/info/6a06368d6c07461fe171de5e
Southwest Engineering Concepts,"Electrical / Embedded Engineer (Power, Analog, PCB, Firmware)",Firmware / Embedded,"Chandler, AZ",US,Other,,,Apr 17,On Site,jobright:ENG@hist,https://jobright.ai/jobs/info/69e2cb552f2865359307834e
Spaceium Inc. (YC S24),Embedded Software Engineer,Firmware / Embedded,"Ottawa, Canada",US,Other,,,May 15,On Site,jobright:SW@hist,https://jobright.ai/jobs/info/6a06faac9f57175bd581ba2d
Spaceium Inc. (YC S24),Embedded Software Engineer,Firmware / Embedded,Ottawa,US,Other,,,May 15,On Site,jobright:SW@hist,https://jobright.ai/jobs/info/6a06faa09f57175bd581ba12
Tata Elxsi,Embedded Developer,Firmware / Embedded,"Sunnyvale, CA",US,Other,,,Apr 07,On Site,jobright:SW@hist,https://jobright.ai/jobs/info/69d3e96fe63cea7a8b654c20
Thales,EMBEDDED SOFTWARE ENGINEER,Firmware / Embedded,"Roma, TX",US,Other,,,May 26,On Site,jobright:SW@hist,https://jobright.ai/jobs/info/69fae44287a4820e6da82ef4
The Applied Research Laboratory at Penn State University,Embedded Software Engineer,Firmware / Embedded,"University Park, PA",US,Other,,,May 14,On Site,jobright:SW@hist,https://jobright.ai/jobs/info/6a05e7376c07461fe1719ee8
The Guitar Center Company,Embedded Service Technician I (The Bay Area),Firmware / Embedded,Fremont,US,Other,,,May 19,On Site,jobright:ENG@hist,https://jobright.ai/jobs/info/6a0d1a1622d0d34036c9b8bb
Torc Robotics,Software Engineer 1 - Device Drivers,Firmware / Embedded,"Ann Arbor, MI",US,Other,,,2mo,,simplify:HW,https://job-boards.greenhouse.io/torcrobotics/jobs/8492431002
Torc Robotics,Software Engineer I - Device Drivers,Firmware / Embedded,"Ann Arbor, MI",US,Other,,,Jun 02,On Site,jobright:SW@hist,https://jobright.ai/jobs/info/6a1f1b1b09442629a685706c
TP-Link Systems Inc.,"Penetration Tester, Embedded Devices",Firmware / Embedded,"Irvine, CA",US,Other,,,Apr 06,On Site,jobright:ENG@hist,https://jobright.ai/jobs/info/69d7204548f0c8161d2fd21c
TP-Link Systems Inc.,2026 Early Career Software Engineering (Mobile OR Embedded),Firmware / Embedded,"Irvine, CA",US,Other,,,May 18,On Site,jobright:SW@hist,https://jobright.ai/jobs/info/6a03bdf9bc4184089f2355b8
TP-Link Systems Inc.,2026 Early Career Software Engineering (Mobile OR Embedded),Firmware / Embedded,"Irvine, California, United States",US,Other,,,May 12,On Site,jobright:SW@hist,https://jobright.ai/jobs/info/6a03b301f3d6cc51d6379402
Universal Instruments Corporation,Software Engineer I - Embedded,Firmware / Embedded,"Conklin, NY, US",US,Other,,,May 21,On Site,jobright:SW@hist,https://jobright.ai/jobs/info/6a0f797780bf0430c76344f2
University of St. Thomas,Computer or Embedded Systems Engineer,Firmware / Embedded,Twin Cities Area,US,Other,,,Apr 29,On Site,jobright:ENG@hist,https://jobright.ai/jobs/info/69f25c5eab4ec4779fff8a5b
Wabtec Corporation,Embedded Software Engineer III,Firmware / Embedded,"Germantown, MD",US,Other,,,May 14,On Site,jobright:SW@hist,https://jobright.ai/jobs/info/6a061197f3d6cc51d638e87d
Watchfire,Software Engineer (Embedded Systems),Firmware / Embedded,"Danville, IL 61832, USA",US,Other,,,Jun 06,Hybrid,jobright:SW,https://jobright.ai/jobs/info/6a072c414a0a6a7e7d825cb5
WD,Software Engineer (Apps & Firmware),Firmware / Embedded,"San Jose, CA",US,Other,,,Jun 05,Hybrid,jobright:SW,https://jobright.ai/jobs/info/6a037806bc4184089f232bb0
WHOOP,Embedded Engineer,Firmware / Embedded,"Boston, MA",US,Other,,,Jun 06,On Site,jobright:SW,https://jobright.ai/jobs/info/6a080196a203b1052e4408c6
WindBorne Systems,Embedded Electrical Engineer,Firmware / Embedded,"Redwood City, CA",US,Other,,,Apr 27,On Site,jobright:ENG@hist,https://jobright.ai/jobs/info/69e84fca3aa0c4796439ee81
York Space Systems,Embedded Flight Software Engineer (Early Career),Firmware / Embedded,"Greenwood Village, CO, 6060 South Willow Drive, Greenwood Village, Colorado, United States of America",US,Other,,,Jun 06,On Site,jobright:SW,https://jobright.ai/jobs/info/6a074cf2403fc339507e2ce6
Zone 5 Technologies,Embedded Software Engineer I/II,Firmware / Embedded,"San Luis Obispo, California",US,Other,,,Jun 01,On Site,jobright:SW@hist,https://jobright.ai/jobs/info/6a1e1d55c2a87d6cd3e1002f
Zone 5 Technologies,Embedded Software Engineer I/II,Firmware / Embedded,"San Luis Obispo County, CA",US,Other,,,May 28,On Site,jobright:SW@hist,https://jobright.ai/jobs/info/69fad965d21cf86d1e3cd3a8
